run_dir	recorded_commit	script_path	blob_hash
artifacts/results/e2_clean_bge_stabletoolbench_eval_r4	b9fe3e08bfd6c5508393c76fe0ed79f83e82ce18	scripts/train_clean_retriever_e2.py	7fd1ac3b786b21734b0222d06823489e40516c87
artifacts/results/e2_clean_bge_toolret_sparse_eval_r1	683817e9352bccdd1bf1baa825871853ce50a048	scripts/train_clean_retriever_e2.py	7fd1ac3b786b21734b0222d06823489e40516c87
artifacts/results/stabletoolbench_2x2_seed42_r3b	8afdda9887ec511b0caa0e56f610de5161eddb26	provenance/8afdda9887ec511b0caa0e56f610de5161eddb26/scripts/run_stabletoolbench_federated.py	ed63a3c4b54f9d5c3c30824550ae086380777cd7
artifacts/results/stabletoolbench_2x2_seed456_r2	0cacf52c63dfb6e60317b4d1a3138911b3f75599	provenance/0cacf52c63dfb6e60317b4d1a3138911b3f75599/scripts/run_stabletoolbench_federated.py	af43867a783e74475a257515523acb8b764fc797
artifacts/results/stabletoolbench_c1_cos090_concat_seed42_r3	5fbf5a9552b4a4d215f1a26637d0b6c4586c751d	scripts/run_stabletoolbench_concat_control.py	3ba2b26f577ea698b9ace53e569745c5fc9cce88
artifacts/results/stabletoolbench_c1_cos090_concat_seeds123456_r3	5fbf5a9552b4a4d215f1a26637d0b6c4586c751d	scripts/run_stabletoolbench_concat_control.py	3ba2b26f577ea698b9ace53e569745c5fc9cce88
artifacts/results/stabletoolbench_candidate_render_interaction_p1_r3	6c22fe25266cda88e69c61c12afc16bba7b813d3	scripts/run_stabletoolbench_candidate_render_interaction.py	d4db31c1613dc5281063e42ff5d56b075b81ff9f
artifacts/results/stabletoolbench_category_holdout_e7_concat_r1	b9fe3e08bfd6c5508393c76fe0ed79f83e82ce18	scripts/run_stabletoolbench_category_holdout_e7.py	52a70bbab8a7dd62f360838df5f71e76db0f8933
artifacts/results/stabletoolbench_category_holdout_e7_inputs_r1	35e908e670b87f0570414d96398276a61d3c4beb	scripts/prepare_stabletoolbench_category_holdout_e7.py	cee2180631f7e297d91b6fe56adff8f1db8552bc
artifacts/results/stabletoolbench_category_holdout_e7_two_index_r3	5ea05ef6fdc9344fb5eadb50bd87cbeb7fa52755	scripts/run_stabletoolbench_category_holdout_e7_two_index.py	8cb6cceb4b0b9a0f6e162e45ca8a605fc059ceb8
artifacts/results/stabletoolbench_concat_control_distinct5_r2	1a4ecbeb9cc3e1cffdcfea847fd119640fa9154b	scripts/run_stabletoolbench_concat_control.py	3ba2b26f577ea698b9ace53e569745c5fc9cce88
artifacts/results/stabletoolbench_cross_client_e8_full_r2	9e16221576acb5d93cdf83dd451c9331042818e6	scripts/run_stabletoolbench_cross_client_e8.py	d95591b90efeee562740507bb1853cd08a90288f
artifacts/results/stabletoolbench_cross_client_e8_inputs_r2	a63756535d3ab3e9a18e606dd70dcf9fa5489add	scripts/prepare_stabletoolbench_cross_client_e8.py	cb0857f5f30a48601fffdab415c14d2f2b0e6c2b
artifacts/results/stabletoolbench_fusion_comparison_d6_r2	a306bdbfd5d65ed49378f9dcb089afec73268832	provenance/a306bdbfd5d65ed49378f9dcb089afec73268832/scripts/run_stabletoolbench_two_index_router.py	77a8af26ec6d731700be2bb047c66d444af454dc
artifacts/results/stabletoolbench_heldout_distinct5_d1b_r9	b9fe3e08bfd6c5508393c76fe0ed79f83e82ce18	scripts/replay_stabletoolbench_packages.py	a8448292f1c2bd43289891e14fe79607f0cbfb41
artifacts/results/stabletoolbench_heldout_distinct5_d1b_seed123_flatonly_r1	00e2b289b0c7ed35e620ded359ebe28c059f34b7	provenance/00e2b289b0c7ed35e620ded359ebe28c059f34b7/scripts/replay_stabletoolbench_packages.py	458b62c366f0e787bb5e9987b36aec2cdacafdcb
artifacts/results/stabletoolbench_heldout_distinct5_d1b_seed123_missing_r1	b9fe3e08bfd6c5508393c76fe0ed79f83e82ce18	scripts/replay_stabletoolbench_packages.py	a8448292f1c2bd43289891e14fe79607f0cbfb41
artifacts/results/stabletoolbench_heldout_distinct5_d1b_seed123_r1	b9fe3e08bfd6c5508393c76fe0ed79f83e82ce18	scripts/replay_stabletoolbench_packages.py	a8448292f1c2bd43289891e14fe79607f0cbfb41
artifacts/results/stabletoolbench_heldout_distinct5_d1b_seed456_r1	00e2b289b0c7ed35e620ded359ebe28c059f34b7	provenance/00e2b289b0c7ed35e620ded359ebe28c059f34b7/scripts/replay_stabletoolbench_packages.py	458b62c366f0e787bb5e9987b36aec2cdacafdcb
artifacts/results/stabletoolbench_heldout_e5b_seed42_r2	c40f4b4b00b79ede0711ccfe3a489754aae9391b	provenance/c40f4b4b00b79ede0711ccfe3a489754aae9391b/scripts/make_tables.py	8c29505cc5528fdebf67b2022dfbfd6eedc2f924
artifacts/results/stabletoolbench_heldout_e5b_seeds123456_r3	deb14424f825a796ddfe3426f9538191d689bfb4	provenance/deb14424f825a796ddfe3426f9538191d689bfb4/scripts/make_tables.py	8c29505cc5528fdebf67b2022dfbfd6eedc2f924
artifacts/results/stabletoolbench_heldout_oracle_distinct5_r2	d47d43be4f0eac574f908c4379c61b033e3c1440	scripts/run_stabletoolbench_heldout_oracle_replay.py	7a440ab8fe7cea6235c3afce58f6afa6cbcde9ff
artifacts/results/stabletoolbench_heldout_r3b	1b9ed745611858fc2662951846fd29487064f873	provenance/1b9ed745611858fc2662951846fd29487064f873/scripts/run_stabletoolbench_heldout.py	0bd95dee60b0b7be12773f118a73f475fc6dfe1f
artifacts/results/stabletoolbench_split_sensitivity_d4_r3	fee6e0b49d0aa5ed33aaf5a4ef3552a0e6cfeb56	scripts/run_stabletoolbench_split_sensitivity_d4.py	2af02bdd25394aefec7f6981f4ba34be1166f9ca
artifacts/results/stabletoolbench_symmetric_expansion_d3_llm_withdocs_repro_42bc1c9f_abs	42bc1c9f5ab5a46c2e6aa63ded704603d060e518	scripts/run_stabletoolbench_symmetric_expansion_d3.py	b17fc687b41a1fcaf0ab1788551b9ef5d4826317
artifacts/results/stabletoolbench_symmetric_expansion_d3_r2	b9fe3e08bfd6c5508393c76fe0ed79f83e82ce18	scripts/run_stabletoolbench_symmetric_expansion_d3.py	b17fc687b41a1fcaf0ab1788551b9ef5d4826317
artifacts/results/stabletoolbench_toolbench_ir_e6_r2	292c7f9b22eaa7f58e575faeb4bd9fd3c6b810bb	scripts/run_stabletoolbench_toolbench_ir_e6.py	028bd0a81136601c6f50487725d0bfc6f5990cec
artifacts/results/stabletoolbench_two_index_router_e8_budgeted_distinct5_r2	b978562e97da207c69522be40e2f032d8f3e456a	scripts/run_stabletoolbench_two_index_router.py	4ca35d364a2b43247a9c7651fe611590694986b9
artifacts/results/stabletoolbench_two_index_router_e8_r1	afc51b9efeb644f0b848860f0c9f53342d9f2136	provenance/afc51b9efeb644f0b848860f0c9f53342d9f2136/scripts/run_stabletoolbench_two_index_router.py	ef3392f4193c0488fdf33722320b8fd695fd1fc7
artifacts/results/toolret_sparse_symmetric_expansion_e1_withdocs_r4	d6100e342a10ecad69e51e2734bbd0726c0293ce	scripts/run_stabletoolbench_symmetric_expansion_d3.py	b17fc687b41a1fcaf0ab1788551b9ef5d4826317
artifacts/results/toolret_sparse_toolbench_ir_e7_r1	e7e8de101792059659de3ff8b63ab6fd92fe6bfe	provenance/e7e8de101792059659de3ff8b63ab6fd92fe6bfe/scripts/run_toolret_sparse_toolbench_ir_e7.py	d85b8d4eba64b73bda8aece63f437eb692a128c4
artifacts/results/toolret_sparse_toolbench_ir_native_e7_r1	d6100e342a10ecad69e51e2734bbd0726c0293ce	scripts/run_toolret_sparse_toolbench_ir_e7.py	4b008ad7181ad96905366739c5c439bdce20c840
artifacts/verification/d1_d2_candidate_underfill_r1	1b9ed745611858fc2662951846fd29487064f873	provenance/1b9ed745611858fc2662951846fd29487064f873/scripts/make_tables.py	8c29505cc5528fdebf67b2022dfbfd6eedc2f924
artifacts/verification/d5_paired_tests_r3	b9fe3e08bfd6c5508393c76fe0ed79f83e82ce18	scripts/make_tables.py	9cfbc9bc0afe5f9404de74cb202d669e057abfa4
artifacts/verification/stabletoolbench_benchmark_localonly_distinct5_r3	b9fe3e08bfd6c5508393c76fe0ed79f83e82ce18	scripts/make_tables.py	9cfbc9bc0afe5f9404de74cb202d669e057abfa4
artifacts/verification/stabletoolbench_c1_cos090_distinct5_seed42_r4	b9fe3e08bfd6c5508393c76fe0ed79f83e82ce18	scripts/run_stabletoolbench_concat_control.py	3ba2b26f577ea698b9ace53e569745c5fc9cce88
artifacts/verification/stabletoolbench_c1_cos090_seed42_r1	b9fe3e08bfd6c5508393c76fe0ed79f83e82ce18	scripts/run_stabletoolbench_concat_control.py	3ba2b26f577ea698b9ace53e569745c5fc9cce88
artifacts/verification/stabletoolbench_c1_query_classifier_cos090_seed42_clientdraw_r1	b9fe3e08bfd6c5508393c76fe0ed79f83e82ce18	scripts/run_stabletoolbench_query_classifier_clean.py	e53a413f5a67a7e72a25facb289dae02909d8016
artifacts/verification/stabletoolbench_clean_anchor_seed42_r4	b9fe3e08bfd6c5508393c76fe0ed79f83e82ce18	scripts/make_tables.py	9cfbc9bc0afe5f9404de74cb202d669e057abfa4
artifacts/verification/stabletoolbench_query_classifier_clean_r1	b9fe3e08bfd6c5508393c76fe0ed79f83e82ce18	scripts/run_stabletoolbench_query_classifier_clean.py	e53a413f5a67a7e72a25facb289dae02909d8016
artifacts/verification/stb_precondition_smoke_classifier	b9fe3e08bfd6c5508393c76fe0ed79f83e82ce18	scripts/make_tables.py	9cfbc9bc0afe5f9404de74cb202d669e057abfa4
artifacts/verification/tau_bench_cross_model_gpt4o_centralized_holdout55_seed1_matched_r3	b9fe3e08bfd6c5508393c76fe0ed79f83e82ce18	scripts/make_tables.py	9cfbc9bc0afe5f9404de74cb202d669e057abfa4
artifacts/verification/tau_bench_cross_model_gpt4o_centralized_holdout55_seed2_matched_r3	b9fe3e08bfd6c5508393c76fe0ed79f83e82ce18	scripts/make_tables.py	9cfbc9bc0afe5f9404de74cb202d669e057abfa4
artifacts/verification/tau_bench_cross_model_gpt4o_centralized_holdout55_seed3_matched_r3	b9fe3e08bfd6c5508393c76fe0ed79f83e82ce18	scripts/make_tables.py	9cfbc9bc0afe5f9404de74cb202d669e057abfa4
artifacts/verification/tau_bench_cross_model_gpt4o_plain_holdout55_seed1_matched_r3	b9fe3e08bfd6c5508393c76fe0ed79f83e82ce18	scripts/make_tables.py	9cfbc9bc0afe5f9404de74cb202d669e057abfa4
artifacts/verification/tau_bench_cross_model_gpt4o_plain_holdout55_seed2_matched_r3	b9fe3e08bfd6c5508393c76fe0ed79f83e82ce18	scripts/make_tables.py	9cfbc9bc0afe5f9404de74cb202d669e057abfa4
artifacts/verification/tau_bench_cross_model_gpt4o_plain_holdout55_seed3_matched_r3	b9fe3e08bfd6c5508393c76fe0ed79f83e82ce18	scripts/make_tables.py	9cfbc9bc0afe5f9404de74cb202d669e057abfa4
artifacts/verification/tau_bench_cross_model_gpt4o_synapse_holdout55_seed1_matched_r3	b9fe3e08bfd6c5508393c76fe0ed79f83e82ce18	scripts/make_tables.py	9cfbc9bc0afe5f9404de74cb202d669e057abfa4
artifacts/verification/tau_bench_cross_model_gpt4o_synapse_holdout55_seed2_matched_r3	b9fe3e08bfd6c5508393c76fe0ed79f83e82ce18	scripts/make_tables.py	9cfbc9bc0afe5f9404de74cb202d669e057abfa4
artifacts/verification/tau_bench_cross_model_gpt4o_synapse_holdout55_seed3_matched_r3	b9fe3e08bfd6c5508393c76fe0ed79f83e82ce18	scripts/make_tables.py	9cfbc9bc0afe5f9404de74cb202d669e057abfa4
artifacts/verification/toolret_provenance_audit_r1	b9fe3e08bfd6c5508393c76fe0ed79f83e82ce18	scripts/make_tables.py	9cfbc9bc0afe5f9404de74cb202d669e057abfa4
artifacts/verification/toolret_sparse_provenance_audit_r1	b9fe3e08bfd6c5508393c76fe0ed79f83e82ce18	scripts/make_tables.py	9cfbc9bc0afe5f9404de74cb202d669e057abfa4
artifacts/verification/toolret_stabletoolbench_overlap_exact_r1	b9fe3e08bfd6c5508393c76fe0ed79f83e82ce18	scripts/make_tables.py	9cfbc9bc0afe5f9404de74cb202d669e057abfa4
artifacts/verification/toolret_stabletoolbench_overlap_r1	b9fe3e08bfd6c5508393c76fe0ed79f83e82ce18	scripts/make_tables.py	9cfbc9bc0afe5f9404de74cb202d669e057abfa4
stats	b9fe3e08bfd6c5508393c76fe0ed79f83e82ce18	scripts/run_review_tier0_stats.py	f33f34281f2714069b465214bc72353714320119
stats	b9fe3e08bfd6c5508393c76fe0ed79f83e82ce18	scripts/clustered_paired_uncertainty.py	5ebdaaecf8ab2ef2817b81d4ccd9d059e1bbe2e8
stats	b9fe3e08bfd6c5508393c76fe0ed79f83e82ce18	scripts/analyze_paired_tests_d5.py	7b892afb0c2bcc5907c63f7c21e75afc8f7734ec
stats	b9fe3e08bfd6c5508393c76fe0ed79f83e82ce18	scripts/make_tables.py	9cfbc9bc0afe5f9404de74cb202d669e057abfa4
