method,venue_year,uses_toolbench_instruction_pool,reports_stabletoolbench_or_toolbench_unseen,audit_note
ToolLLM/ToolLLaMA,,,,Release placeholder for the 16-method survey table; fill source/citation fields from Appendix audit before public archival.
ToolBench-IR,,,,Release placeholder for the 16-method survey table; fill source/citation fields from Appendix audit before public archival.
ToolRet,,,,Release placeholder for the 16-method survey table; fill source/citation fields from Appendix audit before public archival.
FICAL,,,,Release placeholder for the 16-method survey table; fill source/citation fields from Appendix audit before public archival.
ToolAtlas,,,,Release placeholder for the 16-method survey table; fill source/citation fields from Appendix audit before public archival.
Multi-Agent Transactive Memory,,,,Release placeholder for the 16-method survey table; fill source/citation fields from Appendix audit before public archival.
COLT,,,,Release placeholder for the 16-method survey table; fill source/citation fields from Appendix audit before public archival.
Tool2Vec,,,,Release placeholder for the 16-method survey table; fill source/citation fields from Appendix audit before public archival.
Re-Invoke,,,,Release placeholder for the 16-method survey table; fill source/citation fields from Appendix audit before public archival.
APIGen,,,,Release placeholder for the 16-method survey table; fill source/citation fields from Appendix audit before public archival.
ToolACE,,,,Release placeholder for the 16-method survey table; fill source/citation fields from Appendix audit before public archival.
ToolLens,,,,Release placeholder for the 16-method survey table; fill source/citation fields from Appendix audit before public archival.
AnyTool,,,,Release placeholder for the 16-method survey table; fill source/citation fields from Appendix audit before public archival.
RestGPT,,,,Release placeholder for the 16-method survey table; fill source/citation fields from Appendix audit before public archival.
ToolAlpaca,,,,Release placeholder for the 16-method survey table; fill source/citation fields from Appendix audit before public archival.
API-Bank,,,,Release placeholder for the 16-method survey table; fill source/citation fields from Appendix audit before public archival.
